<?xml version="1.0"?>
<doc>
    <assembly>
        <name>Hahn.ApplicationProcess.February2021.Web</name>
    </assembly>
    <members>
        <member name="M:Hahn.ApplicationProcess.February2021.Web.Controllers.AssetsController.Get(System.Int32)">
            <summary>
            Gets a single asset by Id
            </summary>
            <returns></returns>
        </member>
        <member name="M:Hahn.ApplicationProcess.February2021.Web.Controllers.AssetsController.Get">
            <summary>
            Gets a listing of all assets on database
            </summary>
            <returns></returns>
        </member>
        <member name="M:Hahn.ApplicationProcess.February2021.Web.Controllers.AssetsController.Post(Hahn.ApplicationProcess.February2021.Web.ViewModels.AssetViewModel)">
            <summary>
            Takes in valid asset values and commits that to the in memory database. If the values are not valid, user is prompted accordingly.
            </summary>
            <param name="newAssetViewModel"></param>
            <returns></returns>
        </member>
        <member name="M:Hahn.ApplicationProcess.February2021.Web.Controllers.AssetsController.Put(System.Int32,Hahn.ApplicationProcess.February2021.Web.ViewModels.AssetViewModel)">
            <summary>
            Edits a record given its Id and the edited record.
            Checks if the ids are the same, if not, it throws an exception
            </summary>
            <param name="id"></param>
            <param name="editedAssetViewModel"></param>
            <returns></returns>
        </member>
        <member name="M:Hahn.ApplicationProcess.February2021.Web.Controllers.AssetsController.Delete(System.Int32)">
            <summary>
            Deletes record by Id. If the record is not found it throws an exception.
            </summary>
            <param name="id"></param>
            <returns></returns>
        </member>
        <member name="P:Hahn.ApplicationProcess.February2021.Web.ViewModels.AssetViewModel.Id">
            <summary>
            Primary key for asset - auto increment
            </summary>
            <example>25</example>
        </member>
        <member name="P:Hahn.ApplicationProcess.February2021.Web.ViewModels.AssetViewModel.AssetName">
            <summary>
            The name of the asset
            </summary>
            <example>Laptop</example>
        </member>
        <member name="P:Hahn.ApplicationProcess.February2021.Web.ViewModels.AssetViewModel.Department">
            <summary>
            Department value picked from enum
            </summary>
            <example>2</example>
        </member>
        <member name="P:Hahn.ApplicationProcess.February2021.Web.ViewModels.AssetViewModel.CountryOfDepartment">
            <summary>
            Country valided against provided API endpoint
            </summary>
            <example>Zambia</example>
        </member>
        <member name="P:Hahn.ApplicationProcess.February2021.Web.ViewModels.AssetViewModel.EmailAddressOfDepartment">
            <summary>
            Valid email address for the department
            </summary>
            <example>J@hahn.com</example>
        </member>
        <member name="P:Hahn.ApplicationProcess.February2021.Web.ViewModels.AssetViewModel.PurchaseDate">
            <summary>
            UTC date when purchase is made
            </summary>
            <example>2021-06-04</example>
        </member>
        <member name="P:Hahn.ApplicationProcess.February2021.Web.ViewModels.AssetViewModel.Broken">
            <summary>
            Is asset broken 1 = true, default false = 0
            </summary>
            <example>1</example>
        </member>
    </members>
</doc>
