{
  "name": "hahn-assets-ui",
  "type": "project:application",
  "paths": {
    "root": "src",
    "resources": "resources",
    "elements": "resources/elements",
    "attributes": "resources/attributes",
    "valueConverters": "resources/value-converters",
    "bindingBehaviors": "resources/binding-behaviors"
  },
  "transpiler": {
    "id": "typescript",
    "fileExtension": ".ts"
  },
  "build": {
    "options": {
      "server": "dev",
      "extractCss": "prod",
      "coverage": false
    }
  },
  "platform": {
    "hmr": false,
    "open": false,
    "port": 8080,
    "host": "localhost",
    "output": "dist"
  },
  "dependencies": [
    {
      "name": "i18next",
      "path": "../node_modules/i18next/dist/umd",
      "main": "i18next"
    },
    {
      "name": "aurelia-i18n",
      "path": "../node_modules/aurelia-i18n/dist/amd",
      "main": "aurelia-i18n"
    },
    {
      "name": "i18next-xhr-backend",
      "path": "../node_modules/i18next-xhr-backend/dist/umd",
      "main": "i18nextXHRBackend"
    }
  ]
}
